index,lang_id
1,8
2,6
3,4
4,5
5,9
6,3
7,8
8,6
9,3
10,1
11,0
12,3
13,8
14,2
15,4
16,1
17,0
18,7
19,2
20,8
21,10
22,6
23,5
24,9
25,7
26,5
27,7
28,0
29,7
30,10
31,5
32,6
33,4
34,8
35,1
36,2
37,7
38,6
39,7
40,7
41,4
42,1
43,7
44,9
45,8
46,9
47,3
48,8
49,5
50,5
51,4
52,0
53,0
54,7
55,4
56,2
57,5
58,1
59,9
60,4
61,0
62,4
63,8
64,6
65,8
66,8
67,0
68,2
69,2
70,1
71,9
72,2
73,8
74,4
75,0
76,3
77,5
78,10
79,1
80,9
81,7
82,0
83,7
84,3
85,8
86,2
87,7
88,5
89,8
90,0
91,5
92,5
93,4
94,8
95,1
96,2
97,0
98,1
99,8
100,4
101,10
102,3
103,0
104,4
105,2
106,7
107,0
108,7
109,4
110,0
111,5
112,3
113,6
114,3
115,7
116,10
117,8
118,0
119,1
120,1
121,4
122,1
123,2
124,10
125,4
126,3
127,9
128,7
129,5
130,3
131,8
132,2
133,5
134,0
135,0
136,1
137,6
138,4
139,7
140,8
141,2
142,8
143,9
144,4
145,3
146,5
147,3
148,8
149,6
150,10
151,0
152,6
153,6
154,4
155,7
156,6
157,5
158,7
159,7
160,4
161,8
162,7
163,0
164,6
165,1
166,2
167,3
168,4
169,1
170,3
171,1
172,7
173,5
174,9
175,1
176,0
177,0
178,3
179,2
180,8
181,3
182,7
183,1
184,9
185,4
186,0
187,6
188,5
189,4
190,0
191,9
192,5
193,4
194,0
195,3
196,7
197,7
198,4
199,5
200,2
201,4
202,8
203,0
204,8
205,6
206,8
207,8
208,6
209,7
210,4
211,4
212,2
213,10
214,3
215,2
216,0
217,6
218,8
219,0
220,1
221,3
222,8
223,1
224,1
225,1
226,7
227,1
228,6
229,5
230,7
231,1
232,7
233,7
234,2
235,8
236,3
237,2
238,10
239,7
240,7
241,1
242,0
243,9
244,10
245,5
246,3
247,7
248,0
249,9
250,4
251,4
252,4
253,7
254,8
255,7
256,4
257,7
258,3
259,1
260,8
261,7
262,8
263,4
264,0
265,5
266,8
267,9
268,5
269,2
270,8
271,0
272,8
273,7
274,7
275,6
276,7
277,4
278,2
279,2
280,7
281,2
282,0
283,3
284,8
285,2
286,5
287,7
288,4
289,5
290,7
291,10
292,4
293,0
294,7
295,6
296,6
297,8
298,7
299,8
300,0
301,4
302,1
303,0
304,1
305,7
306,6
307,7
308,4
309,9
310,5
311,1
312,8
313,8
314,3
315,9
316,3
317,2
318,2
319,9
320,8
321,1
322,8
323,7
324,0
325,8
326,1
327,3
328,8
329,9
330,8
331,5
332,8
333,1
334,7
335,7
336,8
337,9
338,8
339,10
340,7
341,7
342,6
343,1
344,8
345,7
346,0
347,8
348,0
349,1
350,9
351,4
352,0
353,2
354,6
355,5
356,1
357,8
358,7
359,8
360,3
361,2
362,7
363,2
364,10
365,0
366,0
367,5
368,6
369,1
370,8
371,4
372,2
373,3
374,0
375,6
376,0
377,1
378,0
379,2
380,6
381,3
382,8
383,9
384,5
385,0
386,9
387,0
388,7
389,7
390,3
391,8
392,1
393,4
394,9
395,5
396,7
397,8
398,2
399,0
400,5
401,7
402,6
403,0
404,7
405,0
406,4
407,6
408,5
409,0
410,5
411,5
412,9
413,4
414,7
415,3
416,8
417,2
418,4
419,8
420,6
421,8
422,8
423,7
424,0
425,10
426,6
427,5
428,5
429,2
430,8
431,2
432,8
433,6
434,8
435,0
436,7
437,9
438,4
439,9
440,6
441,0
442,3
443,7
444,9
445,1
446,7
447,2
448,8
449,7
450,4
451,8
452,0
453,2
454,0
455,7
456,4
457,1
458,4
459,6
460,0
461,5
462,8
463,5
464,4
465,4
466,3
467,9
468,4
469,7
470,10
471,8
472,5
473,0
474,10
475,2
476,5
477,6
478,7
479,4
480,10
481,6
482,7
483,8
484,4
485,7
486,5
487,7
488,8
489,8
490,2
491,2
492,6
493,8
494,6
495,7
496,8
497,8
498,5
499,8
500,8
501,4
502,7
503,4
504,8
505,3
506,0
507,8
508,4
509,9
510,0
511,8
512,4
513,0
514,8
515,9
516,2
517,1
518,5
519,8
520,8
521,1
522,6
523,8
524,4
525,4
526,8
527,1
528,9
529,6
530,2
531,6
532,7
533,3
534,7
535,8
536,7
537,7
538,8
539,9
540,0
541,1
542,6
543,7
544,8
545,9
546,7
547,8
548,5
549,7
550,6
551,6
552,0
553,7
554,9
555,8
556,1
557,0
558,5
559,9
560,4
561,1
562,4
563,8
564,4
565,7
566,8
567,0
568,7
569,8
570,0
571,1
572,8
573,2
574,10
575,5
576,8
577,7
578,4
579,4
580,9
581,5
582,4
583,6
584,10
585,8
586,2
587,6
588,5
589,8
590,9
591,8
592,8
593,8
594,8
595,6
596,4
597,5
598,2
599,8
600,7
601,1
602,2
603,0
604,0
605,8
606,3
607,2
608,0
609,0
610,3
611,8
612,0
613,7
614,1
615,8
616,10
617,4
618,8
619,5
620,7
621,4
622,4
623,3
624,5
625,6
626,8
627,6
628,2
629,7
630,6
631,6
632,7
633,4
634,10
635,8
636,7
637,2
638,1
639,4
640,1
641,8
642,5
643,7
644,7
645,6
646,6
647,5
648,8
649,10
650,4
651,8
652,8
653,8
654,6
655,3
656,8
657,8
658,1
659,4
660,4
661,6
662,8
663,7
664,8
665,7
666,0
667,4
668,3
669,4
670,1
671,6
672,4
673,0
674,6
675,6
676,0
677,2
678,0
679,6
680,9
681,1
682,8
683,1
684,0
685,4
686,7
687,4
688,8
689,8
690,8
691,5
692,7
693,8
694,10
695,2
696,8
697,10
698,6
699,2
700,5
701,2
702,4
703,3
704,6
705,7
706,8
707,8
708,7
709,1
710,7
711,7
712,8
713,1
714,10
715,9
716,4
717,7
718,10
719,0
720,6
721,9
722,4
723,3
724,8
725,1
726,8
727,4
728,4
729,4
730,8
731,9
732,4
733,7
734,0
735,0
736,8
737,10
738,3
739,0
740,7
741,5
742,4
743,8
744,5
745,1
746,0
747,8
748,8
749,6
750,7
751,1
752,1
753,1
754,3
755,7
756,9
757,0
758,7
759,0
760,8
761,9
762,7
763,7
764,8
765,6
766,1
767,2
768,8
769,0
770,2
771,5
772,5
773,8
774,1
775,8
776,4
777,7
778,5
779,10
780,3
781,1
782,4
783,0
784,2
785,4
786,2
787,0
788,7
789,0
790,10
791,3
792,5
793,1
794,7
795,1
796,6
797,9
798,0
799,8
800,5
801,7
802,8
803,5
804,8
805,5
806,10
807,8
808,9
809,10
810,3
811,2
812,7
813,4
814,6
815,3
816,7
817,5
818,5
819,8
820,1
821,8
822,5
823,7
824,8
825,0
826,8
827,7
828,9
829,2
830,4
831,3
832,0
833,5
834,1
835,2
836,8
837,8
838,8
839,4
840,0
841,8
842,8
843,8
844,0
845,5
846,4
847,2
848,5
849,4
850,2
851,7
852,1
853,7
854,1
855,6
856,4
857,8
858,0
859,4
860,8
861,6
862,3
863,2
864,8
865,6
866,0
867,5
868,8
869,3
870,7
871,3
872,4
873,2
874,5
875,8
876,4
877,1
878,9
879,1
880,8
881,7
882,8
883,8
884,3
885,6
886,5
887,5
888,8
889,1
890,8
891,7
892,8
893,10
894,7
895,9
896,4
897,8
898,6
899,1
900,9
901,8
902,1
903,5
904,1
905,0
906,0
907,6
908,5
909,8
910,8
911,7
912,1
913,8
914,6
915,7
916,7
917,2
918,9
919,7
920,7
921,7
922,9
923,1
924,1
925,4
926,9
927,4
928,6
929,8
930,8
931,1
932,10
933,5
934,6
935,5
936,0
937,5
938,2
939,7
940,7
941,8
942,6
943,4
944,6
945,4
946,0
947,9
948,7
949,2
950,7
951,10
952,8
953,4
954,4
955,6
956,4
957,8
958,5
959,8
960,5
961,9
962,4
963,1
964,10
965,1
966,8
967,8
968,7
969,0
970,4
971,0
972,0
973,7
974,5
975,7
976,4
977,8
978,9
979,6
980,1
981,10
982,5
983,8
984,10
985,8
986,2
987,4
988,5
989,8
990,5
991,3
992,8
993,7
994,8
995,1
996,9
997,7
998,8
999,5
1000,0
1001,2
1002,8
1003,7
1004,4
1005,8
1006,2
1007,4
1008,1
1009,0
1010,4
1011,6
1012,9
1013,9
1014,5
1015,9
1016,8
1017,0
1018,8
1019,8
1020,7
1021,9
1022,7
1023,2
1024,3
1025,1
1026,8
1027,4
1028,9
1029,5
1030,6
1031,1
1032,4
1033,8
1034,10
1035,10
1036,6
1037,10
1038,10
1039,0
1040,9
1041,7
1042,8
1043,7
1044,0
1045,2
1046,1
1047,6
1048,1
1049,4
1050,5
1051,8
1052,7
1053,0
1054,7
1055,7
1056,6
1057,5
1058,7
1059,7
1060,7
1061,0
1062,7
1063,6
1064,6
1065,4
1066,1
1067,8
1068,0
1069,1
1070,4
1071,8
1072,8
1073,8
1074,1
1075,8
1076,4
1077,2
1078,8
1079,0
1080,8
1081,8
1082,4
1083,5
1084,1
1085,7
1086,4
1087,4
1088,6
1089,1
1090,0
1091,7
1092,4
1093,5
1094,10
1095,6
1096,4
1097,8
1098,7
1099,1
1100,7
1101,1
1102,6
1103,4
1104,7
1105,0
1106,6
1107,4
1108,0
1109,5
1110,7
1111,0
1112,4
1113,5
1114,5
1115,2
1116,8
1117,4
1118,2
1119,8
1120,8
1121,3
1122,5
1123,6
1124,8
1125,8
1126,4
1127,5
1128,2
1129,8
1130,8
1131,10
1132,9
1133,8
1134,1
1135,6
1136,2
1137,9
1138,4
1139,8
1140,1
1141,2
1142,0
1143,5
1144,5
1145,7
1146,8
1147,3
1148,1
1149,6
1150,1
1151,8
1152,1
1153,0
1154,0
1155,6
1156,5
1157,2
1158,4
1159,5
1160,0
1161,5
1162,1
1163,1
1164,8
1165,3
1166,8
1167,3
1168,4
1169,7
1170,6
1171,7
1172,8
1173,2
1174,4
1175,7
1176,5
1177,2
1178,0
1179,1
1180,1
1181,1
1182,8
1183,9
1184,7
1185,9
1186,5
1187,9
1188,7
1189,0
1190,0
1191,0
1192,4
1193,6
1194,5
1195,0
1196,0
1197,6
1198,7
1199,8
1200,4
1201,10
1202,8
1203,7
1204,6
1205,4
1206,1
1207,1
1208,3
1209,6
1210,5
1211,0
1212,6
1213,6
1214,7
1215,1
1216,1
1217,8
1218,7
1219,0
1220,0
1221,5
1222,0
1223,8
1224,6
1225,5
1226,5
1227,7
1228,8
1229,4
1230,5
1231,1
1232,1
1233,5
1234,8
1235,10
1236,4
1237,8
1238,0
1239,7
1240,4
1241,1
1242,4
1243,7
1244,7
1245,1
1246,0
1247,8
1248,4
1249,1
1250,4
1251,0
1252,10
1253,7
1254,10
1255,9
1256,2
1257,7
1258,4
1259,1
1260,7
1261,1
1262,8
1263,1
1264,5
1265,1
1266,1
1267,7
1268,7
1269,4
1270,6
1271,5
1272,7
1273,1
1274,0
1275,1
1276,4
1277,7
1278,8
1279,2
1280,10
1281,8
1282,7
1283,4
1284,4
1285,0
1286,7
1287,0
1288,1
1289,2
1290,8
1291,8
1292,1
1293,7
1294,2
1295,0
1296,4
1297,6
1298,4
1299,6
1300,10
1301,5
1302,5
1303,8
1304,3
1305,4
1306,7
1307,10
1308,5
1309,8
1310,7
1311,8
1312,4
1313,0
1314,6
1315,5
1316,0
1317,7
1318,4
1319,7
1320,4
1321,8
1322,7
1323,9
1324,8
1325,2
1326,0
1327,9
1328,10
1329,2
1330,7
1331,1
1332,6
1333,8
1334,2
1335,1
1336,7
1337,4
1338,0
1339,4
1340,7
1341,2
1342,0
1343,7
1344,3
1345,6
1346,5
1347,9
1348,3
1349,8
1350,8
1351,7
1352,0
1353,5
1354,6
1355,4
1356,2
1357,1
1358,7
1359,10
1360,0
1361,8
1362,6
1363,8
1364,1
1365,10
1366,4
1367,8
1368,7
1369,0
1370,9
1371,1
1372,2
1373,8
1374,5
1375,1
1376,4
1377,8
1378,8
1379,5
1380,9
1381,2
1382,1
1383,4
1384,2
1385,2
1386,6
1387,6
1388,6
1389,7
1390,8
1391,5
1392,9
1393,4
1394,4
1395,0
1396,0
1397,5
1398,7
1399,9
1400,6
1401,3
1402,0
1403,4
1404,1
1405,5
1406,0
1407,4
1408,6
1409,8
1410,8
1411,5
1412,8
1413,3
1414,8
1415,0
1416,8
1417,0
1418,0
1419,4
1420,0
1421,9
1422,0
1423,0
1424,6
1425,2
1426,6
1427,7
1428,4
1429,7
1430,5
1431,8
1432,8
1433,7
1434,2
1435,7
1436,8
1437,5
1438,3
1439,9
1440,8
1441,5
1442,5
1443,5
1444,7
1445,1
1446,1
1447,0
1448,4
1449,6
1450,9
1451,8
1452,2
1453,0
1454,8
1455,0
1456,1
1457,1
1458,4
1459,0
1460,1
1461,6
1462,4
1463,6
1464,5
1465,1
1466,7
1467,2
1468,8
1469,8
1470,5
1471,9
1472,9
1473,7
1474,8
1475,3
1476,7
1477,7
1478,2
1479,8
1480,5
1481,9
1482,10
1483,8
1484,4
1485,3
1486,7
1487,8
1488,8
1489,1
1490,8
1491,8
1492,5
1493,8
1494,1
1495,2
1496,6
1497,10
1498,8
1499,1
1500,6
1501,1
1502,4
1503,7
1504,2
1505,7
1506,4
1507,9
1508,7
1509,5
1510,7
1511,8
1512,6
1513,4
1514,1
1515,1
1516,6
1517,8
1518,0
1519,4
1520,4
1521,4
1522,4
1523,0
1524,1
1525,6
1526,2
1527,6
1528,0
1529,1
1530,10
1531,1
1532,7
1533,1
1534,8
1535,6
1536,7
1537,6
1538,1
1539,10
1540,4
1541,8
1542,3
1543,9
1544,4
1545,9
1546,2
1547,0
1548,7
1549,7
1550,2
1551,7
1552,1
1553,2
1554,7
1555,8
1556,5
1557,3
1558,7
1559,9
1560,5
1561,0
1562,6
1563,8
1564,3
1565,7
1566,5
1567,5
1568,5
1569,2
1570,5
1571,1
1572,7
1573,1
1574,2
1575,6
1576,8
1577,9
1578,0
1579,9
1580,1
1581,8
1582,10
1583,7
1584,5
1585,0
1586,5
1587,5
1588,4
1589,8
1590,4
1591,1
1592,6
1593,3
1594,5
1595,1
1596,8
1597,4
1598,8
1599,7
1600,2
1601,6
1602,5
1603,4
1604,4
1605,7
1606,1
1607,7
1608,8
1609,0
1610,5
1611,5
1612,4
1613,6
1614,2
1615,7
1616,7
1617,7
1618,7
1619,4
1620,4
1621,7
1622,8
1623,1
1624,1
1625,4
1626,5
1627,4
1628,1
1629,7
1630,3
1631,9
1632,1
1633,10
1634,2
1635,0
1636,4
1637,8
1638,3
1639,4
1640,8
1641,4
1642,4
1643,1
1644,8
1645,8
1646,7
1647,4
1648,7
1649,1
1650,7
1651,5
1652,7
1653,6
1654,2
1655,5
1656,1
1657,3
1658,0
1659,0
1660,1
1661,3
1662,8
1663,6
1664,7
1665,5
1666,0
1667,10
1668,8
1669,7
1670,7
1671,9
1672,7
1673,8
1674,8
1675,8
1676,5
1677,8
1678,2
1679,1
1680,1
1681,10
1682,2
1683,8
1684,7
1685,6
1686,7
1687,9
1688,2
1689,8
1690,5
1691,8
1692,2
1693,8
1694,2
1695,4
1696,0
1697,8
1698,7
1699,4
1700,6
1701,7
1702,8
1703,3
1704,8
1705,7
1706,4
1707,2
1708,7
1709,1
1710,8
1711,1
1712,0
1713,5
1714,7
1715,2
1716,7
1717,3
1718,1
1719,8
1720,8
1721,10
1722,9
1723,7
1724,8
1725,7
1726,9
1727,0
1728,5
1729,2
1730,6
1731,2
1732,8
1733,7
1734,8
1735,6
1736,8
1737,0
1738,8
1739,0
1740,7
1741,1
1742,6
1743,1
1744,8
1745,0
1746,4
1747,0
1748,8
1749,6
1750,8
1751,0
1752,9
1753,6
1754,8
1755,5
1756,8
1757,8
1758,10
1759,8
1760,0
1761,6
1762,1
1763,3
1764,7
1765,9
1766,1
1767,1
1768,3
1769,8
1770,6
1771,6
1772,7
1773,6
1774,4
1775,8
1776,10
1777,8
1778,5
1779,8
1780,5
1781,8
1782,8
1783,0
1784,7
1785,7
1786,8
1787,0
1788,7
1789,8
1790,1
1791,0
1792,8
1793,7
1794,7
1795,4
1796,5
1797,1
1798,2
1799,3
1800,7
1801,4
1802,7
1803,0
1804,9
1805,2
1806,4
1807,7
1808,8
1809,8
1810,8
1811,6
1812,5
1813,8
1814,2
1815,4
1816,4
1817,3
1818,9
1819,4
1820,0
1821,10
1822,0
1823,8
1824,7
1825,9
1826,1
1827,8
1828,1
1829,1
1830,4
1831,10
1832,7
1833,7
1834,4
1835,10
1836,5
1837,8
1838,7
1839,0
1840,4
1841,10
1842,0
1843,4
1844,8
1845,6
1846,1
1847,1
1848,7
1849,3
1850,1
1851,7
1852,2
1853,10
1854,0
1855,2
1856,8
1857,8
1858,5
1859,8
1860,0
1861,5
1862,4
1863,5
1864,5
1865,1
1866,2
1867,1
1868,5
1869,2
1870,1
1871,1
1872,7
1873,4
1874,8
1875,5
1876,7
1877,8
1878,7
1879,6
1880,7
1881,4
1882,5
1883,7
1884,7
1885,7
1886,8
1887,1
1888,4
1889,7
1890,8
1891,6
1892,1
1893,4
1894,4
1895,1
1896,9
1897,10
1898,5
1899,0
1900,8
1901,5
1902,3
1903,2
1904,8
1905,8
1906,6
1907,8
1908,5
1909,0
1910,0
1911,8
1912,8
1913,8
1914,8
1915,1
1916,8
1917,1
1918,8
1919,7
1920,9
1921,8
1922,9
1923,0
1924,8
1925,0
1926,4
1927,8
1928,1
1929,8
1930,6
1931,8
1932,4
1933,8
1934,6
1935,6
1936,8
1937,5
1938,6
1939,0
1940,9
1941,0
1942,8
1943,3
1944,10
1945,2
1946,10
1947,7
1948,1
1949,6
1950,0
1951,0
1952,7
1953,0
1954,0
1955,4
1956,1
1957,1
1958,4
1959,7
1960,8
1961,8
1962,8
1963,2
1964,9
1965,1
1966,1
1967,1
1968,7
1969,5
1970,9
1971,2
1972,4
1973,5
1974,3
1975,8
1976,7
1977,7
1978,8
1979,10
1980,7
1981,0
1982,5
1983,2
1984,8
1985,1
1986,8
1987,6
1988,5
1989,4
1990,8
1991,9
1992,0
1993,3
1994,7
1995,8
1996,2
1997,9
1998,7
1999,6
2000,6
2001,8
2002,8
2003,7
2004,3
2005,4
2006,8
2007,7
2008,7
2009,4
2010,6
2011,1
2012,3
2013,6
2014,0
2015,4
2016,7
2017,9
2018,10
2019,0
2020,5
2021,4
2022,4
2023,2
2024,5
2025,7
2026,6
2027,7
2028,3
2029,10
2030,7
2031,1
2032,5
2033,5
2034,8
2035,8
2036,7
2037,2
2038,7
2039,5
2040,7
2041,0
2042,4
2043,9
2044,1
2045,7
2046,4
2047,0
2048,0
2049,1
2050,1
2051,1
2052,1
2053,7
2054,8
2055,7
2056,8
2057,1
2058,7
2059,3
2060,8
2061,8
2062,9
2063,2
2064,6
2065,0
2066,7
2067,2
2068,0
2069,5
2070,8
2071,7
2072,7
2073,0
2074,8
2075,7
2076,1
2077,10
2078,2
2079,3
2080,8
2081,10
2082,7
2083,9
2084,1
2085,5
2086,4
2087,10
2088,5
2089,4
2090,5
2091,0
2092,4
2093,7
2094,4
2095,5
2096,6
2097,5
2098,6
2099,10
2100,4
2101,0
2102,2
2103,0
2104,8
2105,7
2106,2
2107,5
2108,5
2109,3
2110,3
2111,6
2112,1
2113,0
2114,7
2115,2
2116,3
2117,7
2118,7
2119,9
2120,10
2121,4
2122,0
2123,2
2124,8
2125,6
2126,1
2127,8
2128,4
2129,10
2130,10
2131,7
2132,7
2133,0
2134,9
2135,7
2136,8
2137,10
2138,1
2139,4
2140,8
2141,7
2142,4
2143,1
2144,7
2145,9
2146,0
2147,0
2148,8
2149,7
2150,4
2151,5
2152,4
2153,2
2154,7
2155,3
2156,6
2157,5
2158,0
2159,5
2160,5
2161,10
2162,7
2163,0
2164,3
2165,3
2166,8
2167,8
2168,8
2169,0
2170,3
2171,5
2172,9
2173,1
2174,2
2175,3
2176,0
2177,2
2178,3
2179,0
2180,8
2181,10
2182,3
2183,7
2184,3
2185,2
2186,0
2187,8
2188,8
2189,5
2190,9
2191,1
2192,8
2193,8
2194,4
2195,2
2196,6
2197,10
2198,7
2199,10
2200,5
2201,1
2202,8
2203,3
2204,2
2205,0
2206,0
2207,6
2208,1
2209,5
2210,5
2211,8
2212,5
2213,9
2214,6
2215,7
2216,8
2217,0
2218,1
2219,4
2220,9
2221,0
2222,6
2223,7
2224,1
2225,5
2226,0
2227,0
2228,7
2229,7
2230,0
2231,6
2232,1
2233,1
2234,1
2235,5
2236,2
2237,8
2238,6
2239,5
2240,10
2241,1
2242,2
2243,0
2244,6
2245,1
2246,5
2247,1
2248,3
2249,1
2250,8
2251,7
2252,8
2253,3
2254,7
2255,0
2256,7
2257,7
2258,10
2259,8
2260,7
2261,8
2262,2
2263,2
2264,0
2265,8
2266,8
2267,1
2268,10
2269,3
2270,7
2271,7
2272,7
2273,9
2274,5
2275,0
2276,0
2277,4
2278,0
2279,5
2280,1
2281,7
2282,3
2283,0
2284,9
2285,7
2286,1
2287,7
2288,2
2289,8
2290,3
2291,7
2292,1
2293,4
2294,6
2295,5
2296,3
2297,1
2298,7
2299,0
2300,7
2301,0
2302,8
2303,1
2304,3
2305,1
2306,8
2307,8
2308,8
2309,6
2310,9
2311,3
2312,0
2313,6
2314,0
2315,0
2316,10
2317,8
2318,6
2319,5
2320,8
2321,10
2322,7
2323,0
2324,4
2325,2
2326,9
2327,7
2328,5
2329,8
2330,8
2331,2
2332,4
2333,8
2334,7
2335,7
2336,2
2337,1
2338,8
2339,3
2340,8
2341,5
2342,4
2343,5
2344,6
2345,7
2346,0
2347,4
2348,7
2349,8
2350,1
2351,0
2352,7
2353,8
2354,4
2355,1
2356,7
2357,2
2358,8
2359,2
2360,0
2361,0
2362,5
2363,2
2364,3
2365,1
2366,8
2367,0
2368,0
2369,10
2370,7
2371,6
2372,1
2373,5
2374,5
2375,5
2376,4
2377,6
2378,2
2379,8
2380,8
2381,2
2382,5
2383,1
2384,10
2385,0
2386,7
2387,4
2388,8
2389,5
2390,0
2391,8
2392,8
2393,1
2394,5
2395,0
2396,7
2397,8
2398,1
2399,7
2400,7
2401,5
2402,5
2403,8
2404,8
2405,9
2406,9
2407,8
2408,8
2409,6
2410,2
2411,4
2412,2
2413,4
2414,7
2415,2
2416,6
2417,7
2418,5
2419,3
2420,0
2421,9
2422,3
2423,4
2424,0
2425,8
2426,8
2427,1
2428,0
2429,7
2430,6
2431,8
2432,4
2433,9
2434,5
2435,4
2436,6
2437,3
2438,4
2439,2
2440,5
2441,1
2442,7
2443,3
2444,9
2445,3
2446,8
2447,2
2448,1
2449,1
2450,9
2451,6
2452,10
2453,5
2454,1
2455,9
2456,4
2457,1
2458,10
2459,4
2460,7
2461,8
2462,0
2463,0
2464,8
2465,1
2466,6
2467,8
2468,1
2469,7
2470,7
2471,8
2472,5
2473,8
2474,9
2475,1
2476,5
2477,0
2478,8
2479,2
2480,0
2481,7
2482,3
2483,1
2484,8
2485,1
2486,8
2487,0
2488,6
2489,9
2490,7
2491,1
2492,6
2493,4
2494,7
2495,7
2496,8
2497,5
2498,7
2499,8
2500,3
2501,1
2502,1
2503,0
2504,9
2505,0
2506,4
2507,0
2508,8
2509,7
2510,8
2511,1
2512,3
2513,0
2514,2
2515,7
2516,7
2517,8
2518,4
2519,1
2520,6
2521,4
2522,8
2523,2
2524,5
2525,8
2526,0
2527,6
2528,2
2529,1
2530,5
2531,1
2532,6
2533,3
2534,8
2535,6
2536,8
2537,2
2538,1
2539,10
2540,8
2541,8
2542,7
2543,6
2544,8
2545,9
2546,4
2547,7
2548,8
2549,8
2550,6
2551,7
2552,8
2553,0
2554,6
2555,1
2556,4
2557,5
2558,8
2559,7
2560,9
2561,4
2562,8
2563,0
2564,0
2565,7
2566,10
2567,1
2568,2
2569,7
2570,8
2571,2
2572,4
2573,8
2574,7
2575,5
2576,8
2577,2
2578,1
2579,0
2580,6
2581,2
2582,7
2583,0
2584,5
2585,5
2586,0
2587,4
2588,8
2589,7
2590,8
2591,3
2592,5
2593,1
2594,9
2595,8
2596,3
2597,0
2598,5
2599,8
2600,7
2601,0
2602,1
2603,8
2604,8
2605,8
2606,3
2607,6
2608,9
2609,8
2610,6
2611,4
2612,2
2613,1
2614,7
2615,3
2616,1
2617,6
2618,9
2619,8
2620,9
2621,1
2622,9
2623,5
2624,8
2625,3
2626,9
2627,5
2628,8
2629,1
2630,8
2631,1
2632,7
2633,1
2634,8
2635,1
2636,4
2637,1
2638,0
2639,7
2640,2
2641,1
2642,10
2643,2
2644,8
2645,7
2646,7
2647,2
2648,7
2649,4
2650,8
2651,6
2652,2
2653,1
2654,5
2655,5
2656,8
2657,7
2658,0
2659,1
2660,2
2661,6
2662,8
2663,10
2664,9
2665,8
2666,6
2667,8
2668,5
2669,8
2670,8
2671,8
2672,2
2673,4
2674,7
2675,8
2676,1
2677,10
2678,5
2679,5
2680,1
2681,8
2682,3
2683,3
2684,5
2685,7
2686,8
2687,8
2688,9
2689,8
2690,7
2691,8
2692,5
2693,0
2694,1
2695,3
2696,10
2697,5
2698,9
2699,4
2700,6
2701,9
2702,8
2703,0
2704,5
2705,8
2706,7
2707,4
2708,4
2709,6
2710,4
2711,4
2712,4
2713,5
2714,0
2715,5
2716,1
2717,0
2718,7
2719,6
2720,8
2721,4
2722,10
2723,9
2724,0
2725,1
2726,8
2727,0
2728,7
2729,1
2730,4
2731,9
2732,2
2733,5
2734,8
2735,2
2736,8
2737,4
2738,6
2739,8
2740,9
2741,4
2742,10
2743,0
2744,1
2745,0
2746,9
2747,1
2748,0
2749,3
2750,6
2751,9
2752,0
2753,9
2754,8
2755,2
2756,4
2757,4
2758,3
2759,0
2760,7
2761,2
2762,8
2763,3
2764,7
2765,7
2766,7
2767,10
2768,2
2769,2
2770,7
2771,1
2772,6
2773,9
2774,0
2775,0
2776,9
2777,7
2778,1
2779,8
2780,8
2781,9
2782,8
2783,5
2784,8
2785,2
2786,8
2787,1
2788,7
2789,10
2790,4
2791,0
2792,10
2793,2
2794,2
2795,10
2796,7
2797,4
2798,2
2799,2
2800,6
2801,5
2802,10
2803,8
2804,3
2805,5
2806,7
2807,5
2808,0
2809,1
2810,6
2811,7
2812,3
2813,7
2814,8
2815,6
2816,3
2817,1
2818,5
2819,3
2820,2
2821,0
2822,5
2823,7
2824,5
2825,7
2826,3
2827,7
2828,10
2829,2
2830,7
2831,6
2832,7
2833,3
2834,2
2835,4
2836,8
2837,0
2838,10
2839,4
2840,7
2841,8
2842,4
2843,6
2844,6
2845,1
2846,1
2847,0
2848,9
2849,6
2850,6
2851,5
2852,8
2853,1
2854,7
2855,5
2856,1
2857,4
2858,8
2859,5
2860,6
2861,7
2862,2
2863,2
2864,1
2865,5
2866,8
2867,1
2868,6
2869,4
2870,7
2871,8
2872,4
2873,4
2874,10
2875,6
2876,2
2877,6
2878,6
2879,3
2880,6
2881,8
2882,8
2883,10
2884,1
2885,4
2886,10
2887,0
2888,4
2889,5
2890,7
2891,9
2892,0
2893,5
2894,0
2895,8
2896,1
2897,0
2898,8
2899,4
2900,7
2901,7
2902,7
2903,7
2904,9
2905,4
2906,0
2907,1
2908,8
2909,8
2910,8
2911,8
2912,7
2913,8
2914,0
2915,2
2916,7
2917,7
2918,7
2919,0
2920,7
2921,7
2922,2
2923,0
2924,7
2925,6
2926,1
2927,0
2928,10
2929,0
2930,9
2931,6
2932,2
2933,1
2934,4
2935,4
2936,7
2937,2
2938,3
2939,7
2940,0
2941,7
2942,2
2943,0
2944,7
2945,0
2946,7
2947,1
2948,4
2949,6
2950,8
2951,0
2952,4
2953,0
2954,8
2955,7
2956,7
2957,7
2958,4
2959,2
2960,6
2961,8
2962,0
2963,5
2964,1
2965,9
2966,9
2967,7
2968,9
2969,8
2970,4
2971,8
2972,8
2973,0
2974,2
2975,3
2976,4
2977,2
2978,0
2979,6
2980,7
2981,7
2982,7
2983,5
2984,7
2985,5
2986,1
2987,10
2988,4
2989,6
2990,8
2991,8
2992,5
2993,4
2994,7
2995,3
2996,4
2997,9
2998,8
2999,9
3000,8
3001,10
3002,5
3003,9
3004,8
3005,10
3006,2
3007,2
3008,4
3009,3
3010,4
3011,9
3012,6
3013,0
3014,8
3015,8
3016,5
3017,3
3018,7
3019,1
3020,2
3021,0
3022,2
3023,0
3024,7
3025,1
3026,0
3027,0
3028,5
3029,8
3030,7
3031,5
3032,5
3033,9
3034,9
3035,7
3036,4
3037,7
3038,5
3039,3
3040,1
3041,3
3042,6
3043,4
3044,5
3045,5
3046,8
3047,5
3048,8
3049,9
3050,6
3051,1
3052,0
3053,1
3054,8
3055,6
3056,8
3057,0
3058,8
3059,0
3060,8
3061,8
3062,4
3063,9
3064,9
3065,3
3066,7
3067,4
3068,9
3069,7
3070,3
3071,1
3072,8
3073,0
3074,5
3075,8
3076,8
3077,2
3078,0
3079,3
3080,1
3081,7
3082,4
3083,7
3084,8
3085,4
3086,8
3087,7
3088,7
3089,4
3090,1
3091,6
3092,2
3093,0
3094,7
3095,3
3096,8
3097,0
3098,3
3099,6
3100,1
3101,0
3102,5
3103,1
3104,4
3105,7
3106,7
3107,3
3108,4
3109,8
3110,6
3111,4
3112,1
3113,5
3114,6
3115,10
3116,0
3117,10
3118,7
3119,0
3120,8
3121,2
3122,5
3123,8
3124,2
3125,6
3126,0
3127,2
3128,4
3129,0
3130,7
3131,1
3132,8
3133,8
3134,7
3135,8
3136,0
3137,6
3138,7
3139,4
3140,1
3141,6
3142,1
3143,9
3144,5
3145,8
3146,1
3147,10
3148,0
3149,2
3150,5
3151,7
3152,7
3153,5
3154,3
3155,7
3156,6
3157,10
3158,6
3159,0
3160,9
3161,1
3162,5
3163,5
3164,8
3165,0
3166,9
3167,1
3168,8
3169,10
3170,7
3171,1
3172,8
3173,9
3174,4
3175,0
3176,10
3177,7
3178,8
3179,5
3180,4
3181,8
3182,0
3183,5
3184,10
3185,7
3186,3
3187,1
3188,0
3189,0
3190,4
3191,6
3192,10
3193,1
3194,7
3195,7
3196,1
3197,6
3198,7
3199,6
3200,3
3201,3
3202,6
3203,8
3204,0
3205,0
3206,9
3207,10
3208,4
3209,8
3210,0
3211,2
3212,10
3213,1
3214,8
3215,8
3216,1
3217,8
3218,7
3219,5
3220,7
3221,6
3222,10
3223,9
3224,5
3225,2
3226,2
3227,1
3228,8
3229,5
3230,0
3231,4
3232,10
3233,4
3234,0
3235,9
3236,2
3237,3
3238,4
3239,5
3240,1
3241,4
3242,8
3243,10
3244,9
3245,7
3246,7
3247,1
3248,7
3249,7
3250,6
3251,10
3252,0
3253,3
3254,7
3255,7
3256,7
3257,8
3258,8
3259,4
3260,7
3261,7
3262,0
3263,10
3264,2
3265,1
3266,6
3267,5
3268,9
3269,5
3270,8
3271,5
3272,7
3273,10
3274,8
3275,7
3276,7
3277,7
3278,2
3279,1
3280,5
3281,5
3282,6
3283,8
3284,8
3285,5
3286,7
3287,5
3288,4
3289,1
3290,7
3291,3
3292,1
3293,8
3294,5
3295,8
3296,2
3297,8
3298,5
3299,0
3300,4
3301,10
3302,7
3303,1
3304,8
3305,8
3306,6
3307,6
3308,8
3309,4
3310,6
3311,0
3312,6
3313,4
3314,2
3315,4
3316,0
3317,8
3318,4
3319,8
3320,6
3321,9
3322,6
3323,7
3324,2
3325,8
3326,4
3327,2
3328,7
3329,2
3330,2
3331,8
3332,8
3333,7
3334,1
3335,1
3336,8
3337,8
3338,6
3339,2
3340,7
3341,1
3342,7
3343,8
3344,3
3345,3
3346,4
3347,7
3348,10
3349,0
3350,7
3351,7
3352,9
3353,1
3354,5
3355,6
3356,4
3357,8
3358,3
3359,7
3360,5
3361,8
3362,8
3363,4
3364,0
3365,7
3366,7
3367,1
3368,3
3369,4
3370,8
3371,9
3372,0
3373,4
3374,5
3375,7
3376,2
3377,0
3378,1
3379,8
3380,7
3381,10
3382,6
3383,7
3384,9
3385,7
3386,1
3387,6
3388,2
3389,10
3390,7
3391,6
3392,1
3393,7
3394,8
3395,0
3396,9
3397,0
3398,4
3399,0
3400,3
3401,4
3402,7
3403,2
3404,2
3405,8
3406,3
3407,7
3408,1
3409,7
3410,7
3411,6
3412,6
3413,1
3414,1
3415,8
3416,6
3417,8
3418,8
3419,7
3420,10
3421,3
3422,7
3423,7
3424,8
3425,0
3426,7
3427,7
3428,2
3429,1
3430,8
3431,1
3432,1
3433,4
3434,1
3435,7
3436,4
3437,6
3438,1
3439,2
3440,10
3441,3
3442,1
3443,8
3444,7
3445,5
3446,1
3447,8
3448,4
3449,4
3450,5
3451,1
3452,5
3453,10
3454,0
3455,2
3456,8
3457,8
3458,6
3459,1
3460,1
3461,5
3462,4
3463,0
3464,7
3465,6
3466,8
3467,8
3468,4
3469,5
3470,7
3471,1
3472,6
3473,8
3474,10
3475,1
3476,1
3477,0
3478,6
3479,0
3480,7
3481,0
3482,0
3483,6
3484,6
3485,4
3486,0
3487,8
3488,5
3489,8
3490,5
3491,7
3492,0
3493,0
3494,1
3495,2
3496,6
3497,7
3498,3
3499,8
3500,4
3501,3
3502,6
3503,8
3504,2
3505,9
3506,8
3507,10
3508,3
3509,4
3510,8
3511,3
3512,5
3513,5
3514,3
3515,8
3516,6
3517,4
3518,5
3519,2
3520,8
3521,0
3522,2
3523,7
3524,5
3525,4
3526,4
3527,9
3528,6
3529,8
3530,1
3531,9
3532,0
3533,4
3534,6
3535,7
3536,2
3537,8
3538,4
3539,0
3540,6
3541,5
3542,8
3543,9
3544,9
3545,8
3546,1
3547,6
3548,5
3549,5
3550,1
3551,8
3552,8
3553,7
3554,2
3555,5
3556,5
3557,6
3558,4
3559,0
3560,5
3561,0
3562,6
3563,8
3564,2
3565,0
3566,0
3567,8
3568,10
3569,4
3570,5
3571,9
3572,9
3573,0
3574,8
3575,6
3576,4
3577,6
3578,10
3579,8
3580,2
3581,1
3582,3
3583,1
3584,7
3585,1
3586,0
3587,6
3588,2
3589,8
3590,3
3591,2
3592,7
3593,6
3594,5
3595,2
3596,8
3597,10
3598,7
3599,2
3600,8
3601,0
3602,6
3603,1
3604,7
3605,7
3606,8
3607,4
3608,7
3609,2
3610,5
3611,7
3612,1
3613,7
3614,8
3615,8
3616,1
3617,10
3618,8
3619,8
3620,5
3621,6
3622,2
3623,2
3624,4
3625,3
3626,2
3627,0
3628,0
3629,7
3630,3
3631,10
3632,0
3633,2
3634,2
3635,2
3636,1
3637,1
3638,8
3639,4
3640,10
3641,4
3642,5
3643,1
3644,8
3645,8
3646,7
3647,7
3648,3
3649,5
3650,1
3651,9
3652,8
3653,8
3654,6
3655,5
3656,4
3657,7
3658,7
3659,5
3660,1
3661,3
3662,0
3663,5
3664,9
3665,10
3666,0
3667,5
3668,3
3669,5
3670,8
3671,2
3672,8
3673,0
3674,5
3675,0
3676,8
3677,5
3678,6
3679,6
3680,9
3681,0
3682,1
3683,7
3684,5
3685,1
3686,7
3687,7
3688,3
3689,4
3690,4
3691,7
3692,4
3693,6
3694,6
3695,10
3696,4
3697,9
3698,8
3699,6
3700,5
3701,2
3702,6
3703,10
3704,0
3705,8
3706,4
3707,3
3708,7
3709,2
3710,4
3711,1
3712,8
3713,5
3714,1
3715,1
3716,5
3717,8
3718,8
3719,8
3720,1
3721,8
3722,3
3723,9
3724,1
3725,5
3726,10
3727,2
3728,1
3729,8
3730,10
3731,9
3732,5
3733,1
3734,8
3735,6
3736,0
3737,9
3738,7
3739,8
3740,5
3741,1
3742,7
3743,1
3744,0
3745,6
3746,6
3747,2
3748,7
3749,7
3750,4
3751,9
3752,0
3753,7
3754,9
3755,4
3756,8
3757,4
3758,10
3759,0
3760,3
3761,1
3762,8
3763,8
3764,7
3765,4
3766,8
3767,7
3768,1
3769,1
3770,0
3771,8
3772,5
3773,1
3774,3
3775,10
3776,7
3777,5
3778,5
3779,3
3780,6
3781,8
3782,0
3783,5
3784,7
3785,1
3786,8
3787,5
3788,4
3789,5
3790,1
3791,2
3792,4
3793,8
3794,4
3795,8
3796,6
3797,5
3798,1
3799,0
3800,2
3801,6
3802,0
3803,7
3804,8
3805,3
3806,1
3807,7
3808,5
3809,1
3810,1
3811,7
3812,2
3813,1
3814,4
3815,5
3816,4
3817,5
3818,0
3819,7
3820,3
3821,7
3822,2
3823,7
3824,7
3825,3
3826,6
3827,2
3828,2
3829,0
3830,0
3831,5
3832,8
3833,4
3834,8
3835,7
3836,6
3837,6
3838,0
3839,1
3840,1
3841,0
3842,8
3843,7
3844,2
3845,5
3846,8
3847,7
3848,0
3849,8
3850,7
3851,8
3852,9
3853,0
3854,5
3855,0
3856,7
3857,7
3858,1
3859,4
3860,7
3861,3
3862,0
3863,0
3864,8
3865,5
3866,0
3867,2
3868,7
3869,2
3870,7
3871,4
3872,3
3873,6
3874,9
3875,9
3876,0
3877,6
3878,1
3879,8
3880,6
3881,7
3882,9
3883,2
3884,0
3885,0
3886,8
3887,0
3888,1
3889,7
3890,10
3891,10
3892,7
3893,3
3894,7
3895,7
3896,1
3897,3
3898,8
3899,6
3900,8
3901,8
3902,2
3903,9
3904,9
3905,4
3906,0
3907,9
3908,6
3909,9
3910,1
3911,9
3912,5
3913,8
3914,8
3915,8
3916,4
3917,1
3918,6
3919,4
3920,4
3921,5
3922,7
3923,0
3924,2
3925,7
3926,5
3927,7
3928,3
3929,9
3930,5
3931,7
3932,6
3933,4
3934,10
3935,7
3936,6
3937,8
3938,10
3939,9
3940,7
3941,1
3942,8
3943,10
3944,10
3945,7
3946,7
3947,0
3948,6
3949,6
3950,7
3951,4
3952,9
3953,7
3954,1
3955,8
3956,8
3957,1
3958,8
3959,6
3960,6
3961,5
3962,6
3963,4
3964,7
3965,5
3966,10
3967,4
3968,8
3969,5
3970,7
3971,6
3972,5
3973,2
3974,7
3975,5
3976,6
3977,0
3978,0
3979,7
3980,2
3981,8
3982,5
3983,0
3984,7
3985,10
3986,8
3987,8
3988,9
3989,7
3990,1
3991,9
3992,8
3993,1
3994,10
3995,2
3996,4
3997,5
3998,8
3999,2
4000,3
4001,7
4002,5
4003,6
4004,4
4005,3
4006,2
4007,1
4008,5
4009,8
4010,9
4011,1
4012,10
4013,1
4014,5
4015,2
4016,6
4017,4
4018,1
4019,6
4020,8
4021,7
4022,10
4023,4
4024,4
4025,9
4026,1
4027,1
4028,8
4029,7
4030,3
4031,7
4032,3
4033,0
4034,8
4035,7
4036,8
4037,8
4038,4
4039,5
4040,7
4041,5
4042,8
4043,0
4044,0
4045,2
4046,8
4047,6
4048,4
4049,7
4050,8
4051,6
4052,0
4053,1
4054,2
4055,3
4056,6
4057,0
4058,6
4059,8
4060,1
4061,8
4062,8
4063,3
4064,1
4065,4
4066,3
4067,8
4068,8
4069,8
4070,2
4071,6
4072,1
4073,0
4074,3
4075,7
4076,0
4077,7
4078,1
4079,0
4080,5
4081,0
4082,0
4083,4
4084,7
4085,4
4086,8
4087,7
4088,4
4089,8
4090,10
4091,4
4092,4
4093,7
4094,7
4095,8
4096,1
4097,9
4098,0
4099,8
4100,8
4101,7
4102,6
4103,6
4104,6
4105,0
4106,0
4107,1
4108,1
4109,6
4110,2
4111,3
4112,8
4113,5
4114,6
4115,8
4116,0
4117,7
4118,0
4119,8
4120,4
4121,8
4122,0
4123,8
4124,8
4125,6
4126,7
4127,7
4128,5
4129,3
4130,3
4131,5
4132,10
4133,6
4134,7
4135,4
4136,0
4137,0
4138,8
4139,1
4140,9
4141,8
4142,9
4143,6
4144,4
4145,5
4146,4
4147,0
4148,1
4149,8
4150,1
4151,0
4152,1
4153,7
4154,7
4155,8
4156,8
4157,8
4158,6
4159,4
4160,9
4161,9
4162,8
4163,6
4164,3
4165,3
4166,8
4167,9
4168,1
4169,2
4170,8
4171,7
4172,8
4173,6
4174,0
4175,5
4176,7
4177,4
4178,8
4179,4
4180,4
4181,8
4182,9
4183,7
4184,8
4185,5
4186,4
4187,8
4188,2
4189,8
4190,9
4191,8
4192,6
4193,1
4194,8
4195,7
4196,3
4197,1
4198,8
4199,5
4200,7
4201,0
4202,7
4203,7
4204,0
4205,1
4206,6
4207,0
4208,8
4209,8
4210,3
4211,8
4212,1
4213,3
4214,0
4215,2
4216,7
4217,10
4218,8
4219,6
4220,5
4221,4
4222,5
4223,0
4224,5
4225,9
4226,1
4227,1
4228,8
4229,8
4230,9
4231,1
4232,2
4233,7
4234,6
4235,5
4236,1
4237,4
4238,7
4239,6
4240,8
4241,9
4242,4
4243,4
4244,8
4245,5
4246,7
4247,7
4248,1
4249,10
4250,3
4251,9
4252,4
4253,6
4254,8
4255,4
4256,9
4257,5
4258,4
4259,8
4260,8
4261,1
4262,8
4263,7
4264,8
4265,9
4266,0
4267,8
4268,4
4269,4
4270,6
4271,0
4272,1
4273,2
4274,8
4275,6
4276,7
4277,1
4278,4
4279,3
4280,1
4281,7
4282,1
4283,8
4284,1
4285,5
4286,5
4287,1
4288,6
4289,0
4290,7
4291,8
4292,8
4293,7
4294,9
4295,8
4296,2
4297,3
4298,7
4299,10
4300,5
4301,4
4302,0
4303,0
4304,7
4305,0
4306,8
4307,9
4308,8
4309,3
4310,3
4311,7
4312,4
4313,1
4314,6
4315,8
4316,5
4317,5
4318,5
4319,7
4320,5
4321,2
4322,5
4323,6
4324,1
4325,7
4326,0
4327,8
4328,4
4329,7
4330,0
4331,1
4332,8
4333,7
4334,1
4335,0
4336,1
4337,4
4338,9
4339,2
4340,0
4341,5
4342,0
4343,8
4344,1
4345,10
4346,1
4347,2
4348,5
4349,3
4350,2
4351,9
4352,3
4353,0
4354,6
4355,6
4356,6
4357,7
4358,7
4359,3
4360,8
4361,7
4362,4
4363,8
4364,8
4365,0
4366,2
4367,4
4368,6
4369,4
4370,7
4371,7
4372,9
4373,1
4374,7
4375,3
4376,9
4377,8
4378,0
4379,7
4380,6
4381,1
4382,6
4383,4
4384,4
4385,6
4386,7
4387,3
4388,3
4389,9
4390,8
4391,8
4392,10
4393,4
4394,8
4395,7
4396,5
4397,0
4398,1
4399,10
4400,8
4401,8
4402,0
4403,10
4404,4
4405,8
4406,8
4407,3
4408,4
4409,8
4410,6
4411,8
4412,3
4413,6
4414,9
4415,1
4416,7
4417,8
4418,4
4419,7
4420,1
4421,5
4422,9
4423,7
4424,5
4425,7
4426,1
4427,4
4428,10
4429,9
4430,4
4431,2
4432,4
4433,8
4434,5
4435,9
4436,1
4437,6
4438,8
4439,0
4440,5
4441,1
4442,6
4443,6
4444,8
4445,3
4446,0
4447,0
4448,8
4449,4
4450,5
4451,10
4452,4
4453,5
4454,3
4455,7
4456,0
4457,0
4458,8
4459,0
4460,3
4461,7
4462,10
4463,8
4464,3
4465,1
4466,7
4467,1
4468,8
4469,10
4470,8
4471,0
4472,8
4473,4
4474,7
4475,8
4476,1
4477,3
4478,8
4479,2
4480,6
4481,1
4482,3
4483,7
4484,0
4485,8
4486,8
4487,7
4488,1
4489,2
4490,8
4491,4
4492,4
4493,6
4494,1
4495,1
4496,8
4497,2
4498,8
4499,1
4500,5
4501,1
4502,6
4503,2
4504,8
4505,0
4506,8
4507,3
4508,8
4509,6
4510,6
4511,9
4512,9
4513,5
4514,7
4515,6
4516,7
4517,3
4518,1
4519,8
4520,7
4521,7
4522,0
4523,7
4524,8
4525,8
4526,0
4527,6
4528,5
4529,2
4530,6
4531,6
4532,3
4533,1
4534,0
4535,1
4536,7
4537,8
4538,8
4539,8
4540,8
4541,9
4542,0
4543,10
4544,3
4545,2
4546,0
4547,7
4548,8
4549,5
4550,3
4551,8
4552,0
4553,6
4554,1
4555,5
4556,6
4557,10
4558,4
4559,8
4560,7
4561,0
4562,7
4563,6
4564,7
4565,8
4566,4
4567,2
4568,8
4569,8
4570,6
4571,6
4572,8
4573,1
4574,5
4575,5
4576,7
4577,0
4578,6
4579,8
4580,7
4581,10
4582,5
4583,0
4584,0
4585,6
4586,8
4587,9
4588,2
4589,1
4590,8
4591,0
4592,6
4593,7
4594,9
4595,5
4596,5
4597,2
4598,1
4599,7
4600,8
4601,7
4602,4
4603,4
4604,1
4605,1
4606,10
4607,5
4608,0
4609,7
4610,7
4611,8
4612,8
4613,8
4614,0
4615,0
4616,6
4617,1
4618,8
4619,8
4620,7
4621,4
4622,6
4623,3
4624,2
4625,9
4626,1
4627,4
4628,0
4629,2
4630,0
4631,5
4632,8
4633,4
4634,3
4635,0
4636,8
4637,6
4638,1
4639,8
4640,6
4641,4
4642,7
4643,3
4644,2
4645,9
4646,0
4647,3
4648,7
4649,8
4650,5
4651,8
4652,4
4653,6
4654,9
4655,0
4656,7
4657,8
4658,5
4659,4
4660,8
4661,4
4662,5
4663,0
4664,9
4665,1
4666,0
4667,5
4668,7
4669,1
4670,5
4671,6
4672,7
4673,4
4674,5
4675,3
4676,3
4677,2
4678,8
4679,4
4680,4
4681,6
4682,5
4683,4
4684,2
4685,0
4686,8
4687,4
4688,7
4689,1
4690,7
4691,5
4692,7
4693,7
4694,3
4695,6
4696,2
4697,4
4698,9
4699,8
4700,9
4701,8
4702,5
4703,3
4704,4
4705,4
4706,9
4707,8
4708,4
4709,5
4710,6
4711,0
4712,1
4713,0
4714,6
4715,8
4716,5
4717,8
4718,8
4719,3
4720,4
4721,8
4722,7
4723,9
4724,0
4725,4
4726,5
4727,7
4728,7
4729,7
4730,1
4731,8
4732,5
4733,9
4734,6
4735,6
4736,2
4737,10
4738,6
4739,1
4740,7
4741,6
4742,7
4743,8
4744,8
4745,5
4746,7
4747,7
4748,2
4749,1
4750,3
4751,8
4752,7
4753,4
4754,0
4755,7
4756,0
4757,0
4758,8
4759,7
4760,4
4761,6
4762,7
4763,8
4764,7
4765,3
4766,2
4767,3
4768,1
4769,0
4770,6
4771,1
4772,5
4773,7
4774,1
4775,6
4776,0
4777,0
4778,4
4779,3
4780,5
4781,0
4782,8
4783,2
4784,0
4785,8
4786,8
4787,9
4788,6
4789,7
4790,7
4791,7
4792,1
4793,0
4794,8
4795,7
4796,4
4797,2
4798,8
4799,6
4800,6
4801,3
4802,7
4803,0
4804,6
4805,8
4806,7
4807,8
4808,3
4809,1
4810,8
4811,1
4812,6
4813,8
4814,0
4815,0
4816,5
4817,4
4818,10
4819,8
4820,8
4821,5
4822,2
4823,3
4824,7
4825,10
4826,0
4827,0
4828,9
4829,6
4830,5
4831,10
4832,6
4833,8
4834,5
4835,6
4836,5
4837,7
4838,4
4839,9
4840,8
4841,1
4842,6
4843,8
4844,3
4845,5
4846,1
4847,8
4848,0
4849,8
4850,7
4851,0
4852,7
4853,3
4854,6
4855,0
4856,7
4857,0
4858,6
4859,9
4860,0
4861,8
4862,10
4863,5
4864,7
4865,4
4866,8
4867,3
4868,5
4869,9
4870,7
4871,8
4872,4
4873,9
4874,4
4875,9
4876,3
4877,8
4878,6
4879,5
4880,4
4881,0
4882,2
4883,1
4884,9
4885,7
4886,8
4887,1
4888,8
4889,6
4890,1
4891,10
4892,9
4893,0
4894,6
4895,4
4896,4
4897,1
4898,10
4899,3
4900,10
4901,0
4902,8
4903,0
4904,8
4905,6
4906,7
4907,2
4908,2
4909,6
4910,9
4911,4
4912,0
4913,1
4914,0
4915,7
4916,8
4917,5
4918,7
4919,4
4920,7
4921,1
4922,4
4923,2
4924,10
4925,2
4926,0
4927,8
4928,1
4929,6
4930,5
4931,8
4932,8
4933,2
4934,6
4935,8
4936,1
4937,1
4938,8
4939,7
4940,6
4941,2
4942,2
4943,5
4944,0
4945,0
4946,8
4947,9
4948,8
4949,8
4950,7
4951,6
4952,0
4953,0
4954,1
4955,6
4956,7
4957,9
4958,7
4959,1
4960,6
4961,4
4962,8
4963,4
4964,8
4965,4
4966,0
4967,5
4968,0
4969,7
4970,0
4971,4
4972,6
4973,1
4974,1
4975,8
4976,7
4977,8
4978,6
4979,6
4980,8
4981,10
4982,4
4983,10
4984,4
4985,9
4986,3
4987,5
4988,0
4989,4
4990,10
4991,7
4992,6
4993,8
4994,6
4995,0
4996,5
4997,0
4998,4
4999,8
5000,0
5001,5
5002,4
5003,5
5004,4
5005,0
5006,4
5007,5
5008,0
5009,8
5010,0
5011,6
5012,7
5013,6
5014,7
5015,7
5016,10
5017,4
5018,5
5019,3
5020,0
5021,6
5022,4
5023,5
5024,1
5025,3
5026,5
5027,8
5028,1
5029,5
5030,4
5031,8
5032,4
5033,9
5034,1
5035,5
5036,5
5037,1
5038,1
5039,5
5040,8
5041,0
5042,0
5043,0
5044,8
5045,4
5046,5
5047,1
5048,8
5049,1
5050,7
5051,1
5052,2
5053,7
5054,4
5055,0
5056,5
5057,8
5058,2
5059,5
5060,0
5061,4
5062,9
5063,8
5064,10
5065,5
5066,7
5067,4
5068,5
5069,7
5070,9
5071,8
5072,5
5073,8
5074,9
5075,9
5076,0
5077,1
5078,2
5079,2
5080,1
5081,3
5082,5
5083,1
5084,2
5085,5
5086,0
5087,7
5088,3
5089,1
5090,8
5091,3
5092,8
5093,1
5094,7
5095,1
5096,7
5097,8
5098,5
5099,8
5100,2
5101,8
5102,0
5103,9
5104,7
5105,1
5106,5
5107,6
5108,4
5109,7
5110,4
5111,4
5112,2
5113,7
5114,9
5115,0
5116,4
5117,7
5118,3
5119,10
5120,4
5121,5
5122,1
5123,3
5124,0
5125,8
5126,8
5127,7
5128,5
5129,7
5130,7
5131,0
5132,8
5133,5
5134,4
5135,5
5136,8
5137,8
5138,0
5139,5
5140,2
5141,1
5142,6
5143,6
5144,4
5145,10
5146,9
5147,7
5148,8
5149,8
5150,0
5151,6
5152,7
5153,0
5154,0
5155,7
5156,8
5157,2
5158,5
5159,0
5160,5
5161,7
5162,8
5163,4
5164,9
5165,1
5166,6
5167,7
5168,6
5169,7
5170,8
5171,7
5172,5
5173,0
5174,6
5175,0
5176,8
5177,0
5178,4
5179,4
5180,7
5181,10
5182,10
5183,2
5184,4
5185,6
5186,3
5187,4
5188,4
5189,3
5190,2
5191,1
5192,0
5193,4
5194,9
5195,3
5196,6
5197,8
5198,1
5199,4
5200,8
5201,3
5202,0
5203,4
5204,0
5205,10
5206,4
5207,6
5208,5
5209,10
5210,8
5211,8
5212,8
5213,3
5214,4
5215,6
5216,1
5217,8
5218,9
5219,2
5220,5
5221,3
5222,2
5223,5
5224,5
5225,1
5226,8
5227,2
5228,3
5229,9
5230,8
5231,3
5232,7
5233,4
5234,4
5235,2
5236,8
5237,0
5238,8
5239,7
5240,8
5241,4
5242,7
5243,3
5244,4
5245,1
5246,7
5247,8
5248,6
5249,5
5250,5
5251,1
5252,1
5253,0
5254,3
5255,5
5256,5
5257,5
5258,7
5259,4
5260,0
5261,8
5262,8
5263,7
5264,4
5265,0
5266,9
5267,9
5268,2
5269,7
5270,10
5271,0
5272,6
5273,1
5274,3
5275,9
5276,7
5277,8
5278,3
5279,7
5280,0
5281,1
5282,1
5283,0
5284,6
5285,5
5286,7
5287,6
5288,1
5289,10
5290,7
5291,4
5292,4
5293,8
5294,7
5295,0
5296,8
5297,4
5298,0
5299,8
5300,8
5301,1
5302,5
5303,2
5304,8
5305,3
5306,0
5307,9
5308,0
5309,9
5310,4
5311,5
5312,8
5313,3
5314,4
5315,7
5316,0
5317,5
5318,9
5319,0
5320,8
5321,6
5322,1
5323,2
5324,7
5325,8
5326,3
5327,8
5328,5
5329,2
5330,6
5331,5
5332,1
5333,1
5334,0
5335,4
5336,8
5337,10
5338,4
5339,1
5340,8
5341,1
5342,3
5343,7
5344,7
5345,9
5346,5
5347,7
5348,6
5349,8
5350,8
5351,1
5352,2
5353,4
5354,7
5355,7
5356,8
5357,9
5358,8
5359,9
5360,9
5361,0
5362,7
5363,1
5364,7
5365,4
5366,8
5367,8
5368,8
5369,7
5370,1
5371,4
5372,8
5373,4
5374,8
5375,7
5376,7
5377,8
5378,2
5379,7
5380,1
5381,10
5382,6
5383,6
5384,8
5385,4
5386,8
5387,7
5388,6
5389,5
5390,8
5391,10
5392,7
5393,2
5394,7
5395,10
5396,7
5397,7
5398,9
5399,4
5400,7
5401,8
5402,7
5403,7
5404,2
5405,7
5406,5
5407,3
5408,2
5409,6
5410,8
5411,4
5412,1
5413,8
5414,1
5415,3
5416,6
5417,9
5418,1
5419,10
5420,1
5421,2
5422,4
5423,8
5424,8
5425,4
5426,6
5427,4
5428,3
5429,5
5430,0
5431,8
5432,8
5433,5
5434,8
5435,6
5436,0
5437,6
5438,3
5439,9
5440,8
5441,0
5442,8
5443,9
5444,8
5445,4
5446,0
5447,9
5448,1
5449,0
5450,8
5451,9
5452,8
5453,4
5454,7
5455,7
5456,0
5457,2
5458,7
5459,7
5460,0
5461,0
5462,2
5463,6
5464,5
5465,5
5466,8
5467,0
5468,5
5469,8
5470,4
5471,8
5472,2
5473,8
5474,7
5475,4
5476,4
5477,6
5478,1
5479,7
5480,3
5481,2
5482,3
5483,4
5484,9
5485,1
5486,2
5487,5
5488,10
5489,8
5490,2
5491,3
5492,7
5493,7
5494,6
5495,7
5496,4
5497,7
5498,3
5499,10
5500,7
5501,7
5502,7
5503,7
5504,1
5505,8
5506,5
5507,9
5508,7
5509,8
5510,4
5511,0
5512,7
5513,7
5514,3
5515,7
5516,5
5517,7
5518,0
5519,8
5520,4
5521,6
5522,5
5523,9
5524,1
5525,4
5526,8
5527,8
5528,8
5529,7
5530,3
5531,7
5532,8
5533,6
5534,8
5535,7
5536,5
5537,10
5538,1
5539,10
5540,4
5541,8
5542,8
5543,6
5544,8
5545,3
5546,10
5547,7
5548,5
5549,0
5550,0
5551,10
5552,2
5553,0
5554,7
5555,4
5556,5
5557,7
5558,4
5559,4
5560,0
5561,5
5562,7
5563,7
5564,2
5565,8
5566,0
5567,0
5568,7
5569,3
5570,8
5571,10
5572,5
5573,7
5574,4
5575,7
5576,1
5577,4
5578,1
5579,9
5580,0
5581,4
5582,1
5583,4
5584,8
5585,4
5586,8
5587,1
5588,7
5589,7
5590,10
5591,8
5592,7
5593,5
5594,0
5595,8
5596,1
5597,0
5598,6
5599,0
5600,1
5601,8
5602,3
5603,7
5604,7
5605,8
5606,7
5607,1
5608,0
5609,6
5610,9
5611,0
5612,8
5613,0
5614,0
5615,4
5616,7
5617,4
5618,6
5619,8
5620,2
5621,1
5622,1
5623,1
5624,8
5625,5
5626,6
5627,9
5628,8
5629,1
5630,0
5631,2
5632,5
5633,10
5634,1
5635,7
5636,4
5637,8
5638,5
5639,6
5640,1
5641,7
5642,7
5643,6
5644,7
5645,8
5646,9
5647,2
5648,6
5649,0
5650,7
5651,7
5652,7
5653,4
5654,4
5655,0
5656,7
5657,2
5658,6
5659,1
5660,8
5661,1
5662,9
5663,5
5664,8
5665,4
5666,8
5667,1
5668,3
5669,6
5670,5
5671,1
5672,7
5673,10
5674,8
5675,6
5676,10
5677,7
5678,1
5679,3
5680,7
5681,7
5682,5
